<DrumKit>
    <Version>0</Version>
    <Description>Template for csDrummer DrumKit</Description>
    <License>free</License>
    <Instrument>
        <Technique>
            <MIDI>35</MIDI>
            <MIDI>36</MIDI>
            <Target>
                <Channel>Left</Channel>
                <ADSR>
                    <Attack>0.01</Attack>
                    <Decay>0</Decay>
                    <Sustain>1</Sustain>
                    <Release>0.1</Release>
                </ADSR>
                <Layer>
                    <Velocity>1</Velocity>
                    <Gain>1</Gain>
                    <Sample>hi_l.wav</Sample>
                </Layer>
                <Layer>
                    <Velocity>0</Velocity>
                    <Gain>1</Gain>
                    <Sample>lo_l.wav</Sample>
                </Layer>
            </Target>
            <Target>
                <Channel>Right</Channel>
                <ADSR>
                    <Attack>0.01</Attack>
                    <Decay>0</Decay>
                    <Sustain>1</Sustain>
                    <Release>0.1</Release>
                </ADSR>
                <Layer>
                    <Velocity>1</Velocity>
                    <Gain>1</Gain>
                    <Sample>hi_r.wav</Sample>
                </Layer>
                <Layer>
                    <Velocity>0</Velocity>
                    <Gain>1</Gain>
                    <Sample>lo_r.wav</Sample>
                </Layer>
            </Target>
        </Technique>
    </Instrument>
</DrumKit>
