<Drumkit>
    <Instrument>
        <Technique>
            <MIDI>35</MIDI>
            <Target>
                <Channel>Kick</Channel>
                <Gain>0.75</Gain>
                <ADSR>
                    <Attack>0.01</Attack>
                    <Decay>0</Decay>
                    <Sustain>1</Sustain>
                    <Release>0.1</Release>
                </ADSR>
                <Layer>
                    <Velocity>1</Velocity>
                    <Gain>1</Gain>
                    <Sample>kick2.flac</Sample>
                </Layer>
                <Layer>
                    <Velocity>0</Velocity>
                    <Gain>1</Gain>
                    <Sample>kick1.flac</Sample>
                </Layer>
            </Target>
        </Technique>
    </Instrument>
    <Instrument>
        <Technique>
            <MIDI>36</MIDI>
            <Target>
                <Channel>Kick</Channel>
                <Gain>0.75</Gain>
                <ADSR>
                    <Attack>0.01</Attack>
                    <Decay>0</Decay>
                    <Sustain>1</Sustain>
                    <Release>0.1</Release>
                </ADSR>
                <Layer>
                    <Velocity>1</Velocity>
                    <Gain>1</Gain>
                    <Sample>kick2.flac</Sample>
                </Layer>
                <Layer>
                    <Velocity>0</Velocity>
                    <Gain>1</Gain>
                    <Sample>kick1.flac</Sample>
                </Layer>
            </Target>
        </Technique>
    </Instrument>    
    <Instrument>
        <Technique>
            <MIDI>38</MIDI>
            <Target>
                <Channel>Metal</Channel>
                <Gain>0.5</Gain>
                <ADSR>
                    <Attack>0.01</Attack>
                    <Decay>0</Decay>
                    <Sustain>1</Sustain>
                    <Release>0.1</Release>
                </ADSR>
                <Layer>
                    <Velocity>1</Velocity>
                    <Gain>1</Gain>
                    <Sample>metal2.flac</Sample>
                </Layer>
                <Layer>
                    <Velocity>0</Velocity>
                    <Gain>1</Gain>
                    <Sample>metal1.flac</Sample>
                </Layer>
            </Target>
        </Technique>
        <Technique>
            <MIDI>40</MIDI>
            <Target>
                <Channel>Metal</Channel>
                <Gain>0.75</Gain>
                <ADSR>
                    <Attack>0.01</Attack>
                    <Decay>0</Decay>
                    <Sustain>1</Sustain>
                    <Release>0.1</Release>
                </ADSR>
                <Layer>
                    <Velocity>1</Velocity>
                    <Gain>1</Gain>
                    <Sample>metalPH.flac</Sample>
                </Layer>
            </Target>
        </Technique>
    </Instrument>        
</Drumkit>